,author_id,created_at,text,lang,id
0,1366993886141288448,2022-06-29T00:30:09.000Z,The UK wants to boost AI development by removing data mining hurdles https://t.co/aQ9l2jQwL5 #Python #MachineLearning #DeepLearning #ArtificialIntelligence #technology #DataScience #100daysofcodechallenge #programminghumor #100DaysofCode,en,1541942059921195013
1,1249156366897463296,2022-06-29T00:30:04.000Z,"Grade A+ assured in any timed paper
#Essay due
#Pay write
#javascript
#Onlineclass 
#Philosophy 
#Chemistry
Literature
#Calculus1,2
#Biology
#Python
#Nursing
psychology
#Essayhelp'
#Essay
#Essaypay;
#100DaysOfCode
#WomenWhoCode
#Java
#Linux .
DM.",en,1541942036621889537
2,1249156366897463296,2022-06-29T00:30:03.000Z,"Grade A+ assured in any timed paper
#Essay due
#Pay write
#javascript
#Onlineclass 
#Philosophy 
#Chemistry
Literature
#Calculus1,2
#Biology
#Python
#Nursing
psychology
#Essayhelp'
#Essay
#Essaypay;
#100DaysOfCode
#WomenWhoCode
#Java
#Linux .
DM.",en,1541942033291550720
3,1332714745871421443,2022-06-29T00:30:00.000Z,"NEED a #JOB?
Sign up now https://t.co/o7lVlsCHXv
FREE. NO MIDDLEMAN
#ArtificialIntelligence #MachineLearning #Python #DataScience #innovation #IoT #Industry40 #DigitalMarketing #CyberSecurity #coding #NodeJS #javascript  #django #100DaysOfCode #Tech #programming #Bitcoin #NFT #AI https://t.co/Vi7iRCb5OE",en,1541942021811621888
4,1528856711725031425,2022-06-29T00:28:03.000Z,"https://t.co/9LAEL3AN8r 

#programming #introduction #100daysofcode #programminglanguages #python #neuralnetworks 
 
Algorithmic Short Selling with Python: Refine your algorithmic trading edge, consistently generate investment ideas, and build a robust lon‚Ä¶",en,1541941530495275008
5,1322063052871737345,2022-06-29T00:27:37.000Z,"WhatsApp+1 (316) 600-3577 or email pwriters123@gmail.com for top notch, quality assignments  and essays
#Paperpay
#python
#writechat 
#WomenWhoCode 
#Assignment 
#Onlineclass
#Essaypay
#100DaysOfCode
#editorchat
#Essaydue
#amwriting
#EnglishVocabularySizeTest 
#essayhelp",en,1541941423251013634
6,1185559720339394561,2022-06-29T00:27:22.000Z,"Are you finding a hard time writing your;
‚úîÔ∏èFinal paper 
‚úîÔ∏èReflection essay
‚úîÔ∏èTerm paper 
‚úîÔ∏èBook review,
‚úîÔ∏èCourse reflection
 #javascript #coding #CoDMobile #Python #pythonlearning #programmers #programmingmemes #100DaysOfCode #AcademicChatter",en,1541941358637744129
7,1185559720339394561,2022-06-29T00:26:41.000Z,"Are you finding a hard time writing your;
‚úîÔ∏èFinal paper 
‚úîÔ∏èReflection essay
‚úîÔ∏èTerm paper 
‚úîÔ∏èBook review
‚úîÔ∏èCourse reflection
 #javascript #coding #CoDMobile #Python #pythonlearning #programmers #programmingmemes #100DaysOfCode #AcademicChatter",en,1541941185593442305
8,1459057388237950981,2022-06-29T00:26:31.000Z,"World famous beautiful women and girls! 
RT
‚úÖhttps://t.co/lfwMhx56PH 

#NFT #OpenSource #flutter #Serverless #hr #100DaysOfCode #CodeNewbie #Developers #bugbounty #cybersecurity #Security #infosec #Python #javascript #tech #DataSecurity #codefor30days #60DaysOfDSA #TensorFlow https://t.co/gxWiaxN6on",en,1541941144971386881
9,1448723616057774081,2022-06-29T00:25:26.000Z,"Are you finding a hard time writing your;
‚úîÔ∏èFinal paper 
‚úîÔ∏èReflection essay
‚úîÔ∏èTerm paper 
‚úîÔ∏èBook review
‚úîÔ∏èCourse reflection
 #javascript #coding #CoDMobile #Python #pythonlearning #programmers #programmingmemes #100DaysOfCode #AcademicChatter 

WhatsApp +1¬†(626)¬†469‚Äë3898
DM 24/7",en,1541940871507202048
10,1299620370216087553,2022-06-29T00:25:15.000Z,"Are you finding a hard time writing your;
‚úîÔ∏èFinal paper 
‚úîÔ∏èReflection essay
‚úîÔ∏èTerm paper 
‚úîÔ∏èBook review
‚úîÔ∏èCourse reflection
 #javascript #coding #CoDMobile #Python #pythonlearning #programmers #programmingmemes #100DaysOfCode #AcademicChatter 

WhatsApp +1¬†(626)¬†469‚Äë3898
DM 24/7",en,1541940824392482823
11,1300636078743924737,2022-06-29T00:24:58.000Z,"Are you finding a hard time writing your;
‚úîÔ∏èFinal paper 
‚úîÔ∏èReflection essay
‚úîÔ∏èTerm paper 
‚úîÔ∏èBook review
‚úîÔ∏èCourse reflection
 #javascript #coding #CoDMobile #Python #pythonlearning #programmers #programmingmemes #100DaysOfCode #AcademicChatter 

WhatsApp +1¬†(626)¬†469‚Äë3898
DM 24/7",en,1541940754947399681
12,1343372118,2022-06-29T00:24:02.000Z,"We deliver unique work üçá   
 ‚òÑÔ∏è DM for value-based services  
 #Paper pay 
 #python 
 #Math 
 #python
 #Case study 
 #100DaysOfCode
 #python 
 #Homework 
 #Essay help 
 #homework 
 #essaywrite 
 #Math 
 üçî 
 üè° 

 https://t.co/MrEPSqHB5x",en,1541940519105753088
13,1332714745871421443,2022-06-29T00:20:00.000Z,"NEED a #JOB?
Sign up now https://t.co/o7lVlsCHXv
FREE. NO MIDDLEMAN
#ArtificialIntelligence #MachineLearning #Python #DataScience #innovation #IoT #Industry40 #DigitalMarketing #CyberSecurity #coding #NodeJS #javascript  #django #100DaysOfCode #Tech #programming #Bitcoin #NFT #AI https://t.co/JIuyVfj4di",en,1541939503878680577
14,1528856711725031425,2022-06-29T00:18:03.000Z,"#neuralnetworks #scikitlearn #100daysofcode #programminglanguages #naturallanguageprocessing 
 
Python Machine Learning: Machine Learning and Deep Learning with Python, scikit-learn, and TensorFlow 2, 3rd Edition 
https://t.co/ZyiqZDjyIR",en,1541939015787618306
15,1539312432413167622,2022-06-29T00:16:54.000Z,"#Day 06
#100DaysOfCode #Python",und,1541938723293732864
16,1528856711725031425,2022-06-29T00:13:47.000Z,"#python3 #datamodeling #100daysofcode #dataprocessing #coding #numpy #programminglanguages 
 
https://t.co/Li2ODZi7ic

Scientific Computing with Python: High-performance scientific computing with NumPy, SciPy, and pandas, 2nd Edition",en,1541937941051854848
17,1459057388237950981,2022-06-29T00:13:45.000Z,"1k #eagles #NFT 
RT!
ü¶Öhttps://t.co/Fz7WPaYmaM
#NFTs #NFTdrop #ETH #100DaysOfCode #Serverless #OpenSource #javascript #Hiring #Recruitment #python #codefor30days #flutter #60DaysOfDSA #TensorFlow #hr #CyberSecurity #blockchain #web3 #Metaverse #Cryptos #AI #Digital #Metamask #BTC https://t.co/4PljIJa1i8",und,1541937932201631744
18,1459057388237950981,2022-06-29T00:12:48.000Z,"1k #eagles #NFT 
RT!
ü¶Öhttps://t.co/Fz7WPaYmaM

#NFTs #NFTdrop #ETH #BTC #flutter #Serverless #hr #100DaysOfCode #CodeNewbie #Developers #bugbounty #CyberAttack #cybersecurity #Security #infosec #OpenSource #Python #javascript #tech #DataSecurity #Malware #Hackers #nftcollectors https://t.co/XZxX4zYchQ",und,1541937692513955840
19,1528856711725031425,2022-06-29T00:11:15.000Z,"https://t.co/FXWtLnjjOv 
Object-Oriented Python: Master OOP by Building Games and GUIs 

#100daysofcode #gamedesign #objectorientedsoftwaredesign #gameprogramming #python3 #coding",en,1541937303064645632
20,845380769828802561,2022-06-29T00:10:50.000Z,"I'm legit to offer you A grade in your
‚úìnursing
‚úìessays
chemistry
‚úìfinance.
‚úìphysics
‚úìbiology.
‚úìphysi
‚úìchemistry
‚úìalgebra.
‚úìhomework..
‚úìessay pay.
Assignment due 
#100DaysOfCode
#WomenWhoCode..
#javascript
#Python
Dm @martinmut5 https://t.co/LmEFqSMIpE",en,1541937197129031681
21,1243665419501744133,2022-06-29T00:10:18.000Z,"""People who belittle people, will be LITTLE people, and will accomplish very Little""- Norman Vincent Peale #softwareengineer #javascript #python #C++ #golang #nodejs #reactjs #stockopertor #highgrowthstocks $SPX $QQQ $RUT $VIX #canslim #100DaysOfCode",en,1541937062726844416
22,176742962,2022-06-29T00:10:04.000Z,"#Pride2022 #truth
#Steam
#nonbinary #laicism #FreeSpeech
#indiegames #IndieGameDev #100DaysOfCode
#science #womenintech #Tech4All #tech
#TFSM #LGBT #LGBTQ #EU #UKR #peace
#cyberpunk #cybersecurity #steampunk #Flutter
#javascript #Python #Sherlock
#GideonTheNinth #cannabisculture https://t.co/K1DGmu5YNV",qht,1541937006376128513
23,1330806800439009282,2022-06-29T00:10:04.000Z,"I'm  legit to offer you A grade in your
#100DaysOfCode
#WomenWhoCode.
#javascript
#Python
#Serverless
#Asu
DM @Experttutor90",en,1541937004010737667
24,909688467541684224,2022-06-29T00:09:44.000Z,"Hire us and get excellent grades. Discount allowed
research paper
#javascript
Nursing
#psychology
Biology
#Essay 
#Mathlab 
#Python  
#javascript 
Poem analysis
#Onlineclass 
#Philosophy 
Book review
Proposal
#100DaysOfCode
#Calculus
Dm @essay_writer1
WhatsApp +1 (256) 649-9989",en,1541936920347000833
25,176742962,2022-06-29T00:09:33.000Z,"This email &amp; domain ( z1psw4g59m@grootstokkert.com)
is #Phishing #Scam #Fraud

#Steam #laicism
#indiegames #indiedev #IndieGameDev #100DaysOfCode
#science #Tech #Pride  
#TFSM #LGBT #LGBTQ
#code #cyberpunk #cybersecurity #Flutter
#WomenWhoCode #javascript #Python #GideonTheNinth",en,1541936874528182272
26,909688467541684224,2022-06-29T00:09:25.000Z,"Let our experts handle your:
Thesis
Computer
Chemistry
 #Science
Book review
English
Calculus
Case study
Essay due 
Biology
Thesis
Research paper 
 #paper pay
Homework 
Data Analysis
Math
 #100DaysOfCode
#Python 
#Coding 
#WomenWhoCode 
#CodeNewbie
WhatsApp +1 (256) 649-9989",en,1541936843364655104
27,176742962,2022-06-29T00:09:07.000Z,"This email &amp; domain ( z1psw4g59m@grootstokkert.com)
is #Phishing #Scam #Fraud

#Steam #laicism
#indiegames #indiedev #IndieGameDev #100DaysOfCode
#science #AI #Pride  
#TFSM #LGBT #LGBTQ
#cyber #cyberpunk #cybersecurity #Flutter
#WomenWhoCode #javascript #Python #GideonTheNinth",en,1541936767758020608
28,1332714745871421443,2022-06-29T00:09:00.000Z,"NEED a #JOB?
Sign up now https://t.co/o7lVlsl75X
FREE. NO MIDDLEMAN
#ArtificialIntelligence #MachineLearning #Python #DataScience #innovation #IoT #Industry40 #DigitalMarketing #CyberSecurity #coding #NodeJS #javascript  #django #100DaysOfCode #Tech #programming #Bitcoin #NFT #AI https://t.co/I2aP9r4E7L",en,1541936735638241286
29,176742962,2022-06-29T00:08:42.000Z,"This email &amp; domain ( z1psw4g59m@grootstokkert.com)
is #Phishing #Scam #Fraud

#Steam #laicism
#indiegames #indiedev #IndieGameDev #100DaysOfCode
#science #Tech #Pride  
#TFSM #LGBT #LGBTQ
#cyber #cyberpunk #cybersecurity #Flutter
#WomenWhoCode #javascript #Python #GideonTheNinth",en,1541936662397063169
30,227530614,2022-06-29T00:08:22.000Z,No. 2505 programming meme #programmingjoke #code #coding #javascript #python #datascience #programming #programmer #joke #100daysofcode #webdev #webdevelopment #php #java #linux #css #programmingmemes #codinglife #codingpics #programmingjokes https://t.co/sE94LvM2cB #configurow‚Ä¶,en,1541936579152838658
31,1459057388237950981,2022-06-29T00:07:14.000Z,"1k #eagles #NFT 

ü¶Öhttps://t.co/Fz7WPaYmaM

#cloud #GameDev #indiegames #CyberSecurity #TensorFlow #Serverless #blender3d #pixiv #Pixelart #Youtubers #100DaysOfCode #java #OpenSource #javascript #Hiring #Recruitment #python #codefor30days #flutter #indiedev #gaming #DevSecOps https://t.co/cQtr5GcCvc",und,1541936290433622016
32,909688467541684224,2022-06-29T00:06:28.000Z,"task us to do your
#Paper
#python
#chemistry
#Onlineclass
#Essaypay
#Econometrics
#Statistics
#homework
#essaywrite
#Essayhelp
#Geography
#Casestudy
#javascript
#Maths 
#Calculus
#Essay 
#WomenWhoCode 
#100DaysOfCode
#NodeJS
WhatsApp +1 (256) 649-9989 https://t.co/foJcdn61dh",en,1541936097470676993
33,909688467541684224,2022-06-29T00:06:22.000Z,"#WINTERCLASSES
#WINTERSEMESTER 
#midterm
#Online Classes 
#Course work
#Project
#Essay due
#Pay write
#econometrics
#Chemistry
#Maths
#Case study
#javascript
#100daysofcode
#Homework 
#Philosophy 
#Assignment
#History
#Statistics
#Python 
#dissertation
#thesiswriting
#IoT #code",en,1541936072594169859
34,2601293587,2022-06-29T00:06:10.000Z,"HACKING #NFT
#Blockchain #AI #SaaS #DataSecurity #dataScientist #5G #DataAnalytics #Python #RStats #Reactjs #IIoT #MachineLearning #flutter #javascript #digitalhealth #TensorFlow #BigData #Cloud #coding #NFTart #100DaysOfCode #fintech #apps #chatbots #gaming #Ledger #NFTs #token",en,1541936024024240128
35,1528856711725031425,2022-06-29T00:03:38.000Z,"#programming #100daysofcode #python #objectorienteddesign #programminglanguages #python3
Programming in Python 3: A Complete Introduction to the Python Language
 
https://t.co/LwhFCA9WjD",en,1541935384304750593
36,2588345408,2022-06-29T00:01:59.000Z,"BERT Visualization

#NLP #Python #100daysofcodechallenge #MachineLearning #DataScience #pythonlearning #DataAnalytics #Python3 #databases #AI #databases #Deeplearning #BigData #Analytics #DataScientist #Programming #Coding #100DaysofCode #Data #pythoncode #Datavisualization https://t.co/2F7lllGgfN",en,1541934972361007105
37,1524278963689951235,2022-06-29T00:01:46.000Z,"Pay us to do or write your 
#Assignments 
#calculus 
#homework
#Homeworkhelp 
#summerclasses 
#Onlineclass 
#essayhelp 
#Essaydue 
#essaywrite 
#Essays
#Music
#Art
#Law 
#Javascript
#Python
#Programming
#CodeNewbies 
#100daysofcode
#webdevelopment 
#Datascience
Dm us now for help https://t.co/e38fRuPCgC",en,1541934916757295107
38,1152666427645726720,2022-06-29T00:00:05.000Z,"Ask questions! Join Art Yudin Live channel on Youtube 
Join and learn https://t.co/RuU3T4TYq5 

#FreePython, #Python, #DataScience, #MachineLearning, #programwithus, #javascript, #100DaysOfCode, #100DaysOfPython https://t.co/iLnKv9WAwd",en,1541934494063673345
39,1272948619822264320,2022-06-29T00:00:02.000Z,No. 2505 programming meme #programmingjoke #code #coding #javascript #python #datascience #programming #programmer #joke #100daysofcode #webdev #webdevelopment #php #java #linux #css #programmingmemes #codinglife #codingpics #programmingjokes https://t.co/hAzPZEghiZ,en,1541934481401167873
40,1524278963689951235,2022-06-28T23:54:10.000Z,"Pay us to do or write your 
#Assignments 
#calculus 
#homework
#Homeworkhelp 
#summerclasses 
#Onlineclass 
#essayhelp 
#Essaydue 
#essaywrite 
#Essays
#Music
#Art
#Law 
#Javascript
#Python
#Programming
#CodeNewbies 
#100daysofcode
#webdevelopment 
#Datascience
Dm us now for help https://t.co/0tNNx57sks",en,1541933001877102592
41,2588345408,2022-06-28T23:53:54.000Z,"Add polynomial features to the features set

#Python #100daysofcodechallenge #MachineLearning #DataScience #pythonlearning #DataAnalytics #Python3 #databases #AI #databases #Deeplearning #BigData #Analytics #DataScientist #Programming #Coding #100DaysofCode #Data #pythoncode https://t.co/ZKk6oyVmlO",en,1541932938702426112
42,2588345408,2022-06-28T23:53:33.000Z,"Add sinusoid features to the features set

#Python #100daysofcodechallenge #MachineLearning #DataScience #pythonlearning #DataAnalytics #Python3 #databases #AI #databases #Deeplearning #BigData #Analytics #DataScientist #Programming #Coding #100DaysofCode #Data #pythoncode https://t.co/uBy2cjpANu",en,1541932848990457856
43,2588345408,2022-06-28T23:53:16.000Z,"illustration of k-means convergence
#Python #100daysofcodechallenge #MachineLearning #DataScience #pythonlearning #DataAnalytics #Python3 #databases #AI #databases #Deeplearning #BigData #Analytics #DataScientist #Programming #Coding #100DaysofCode #Data #pythoncode #interview https://t.co/mjwN7tPbrM",en,1541932778270273541
44,84798522,2022-06-28T23:50:43.000Z,"Gimme üëã if your are learning #Python.
#100DaysOfCode #developer",en,1541932137594916864
45,1243665419501744133,2022-06-28T23:50:16.000Z,"""Circumstances do not make the man, they reveal him.""- James Allen #softwareengineer #javascript #python #C++ #golang #nodejs #reactjs #stockopertor #highgrowthstocks $SPX $QQQ $RUT $VIX #canslim #100DaysOfCode",en,1541932024092557316
46,467513287,2022-06-28T23:49:10.000Z,"Canada's artificial intelligence legislation is here - Data Protection Report

Read more here: https://t.co/JIqkBRMieV

#ArtificialIntelligence #AI #DataScience #100DaysOfCode #Python #MachineLearning #BigData #DeepLearning #NLP #Robots #IoT",en,1541931744118587392
47,467513287,2022-06-28T23:49:09.000Z,"Glorikian's New Book Sheds Light on Artificial Intelligence Advances in the Healthcare Field - The Armenian Mirror-Spectator

Read more here: https://t.co/GsgdutMdev

#ArtificialIntelligence #AI #DataScience #100DaysOfCode #Python #MachineLearning #BigData #DeepLearning #NLP #R‚Ä¶",en,1541931739630690307
48,2588345408,2022-06-28T23:48:56.000Z,"Normalizes input features X
#Python #100daysofcodechallenge #MachineLearning #DataScience #pythonlearning #DataAnalytics #Python3 #databases #AI #databases #Deeplearning #BigData #Analytics #DataScientist #Programming #Coding #100DaysofCode #Data #pythoncode #interview #JobSearch https://t.co/xDbhqHHVwD",en,1541931688812347393
49,1280480653709135873,2022-06-28T23:47:16.000Z,"Get essay and online class help on the following;
Maths
English
History
Religious studies
Philosophy
Sociology
Data analysis
PowerPoint presentation
 #100DaysOfCode
#Python 
#Coding 
#WomenWhoCode 
#CodeNewbie
WhatsApp +1 (256) 649-9989
DM 
@essaytutors14",en,1541931268560265216
50,1243665419501744133,2022-06-28T23:40:29.000Z,"""Life needs to be more than just solving problems every day. You need to wake up and be excited about the future.""- Elon Musk #softwareengineer #javascript #python #C++ #golang #nodejs #reactjs #stockopertor #highgrowthstocks $SPX $QQQ $RUT $VIX #canslim #100DaysOfCode",en,1541929559620198400
51,1403337284125171712,2022-06-28T23:38:37.000Z,"I'm  legit to offer you A grade in your
‚úìnursing
‚úìessays
‚úìchemistry
‚úìfinance
‚úìphysics
‚úìbiology.
‚úìphysics.
‚úìchemistry.
‚úìalgebra
‚úìcalculus
‚úìessay pay.
Assignment due .
#100DaysOfCode
#WomenWhoCode.
#javascript
#Python
Email assignimentwriter@gmail.com",en,1541929088616734720
52,268619848,2022-06-28T23:37:51.000Z,1 stop Roadmap for your #Coding needs #ML #DataScience #SQL #Cybersecurity #BigData #Analytics #AI #IIoT #Python #RStats #TensorFlow #JavaScript #ReactJS #CloudComputing #Serverless #DataScientist #Linux #Programming #100DaysofCode #NodeJS #golang #NLP https://t.co/kcwG8zJY8T https://t.co/kQrjooOurf,en,1541928899000549383
53,268619848,2022-06-28T23:31:37.000Z,You Should Use This to Visualize #SQL Joins https://t.co/ue7AbNtsm3 #ML #DataScience #Cybersecurity #BigData #Analytics #AI #IIoT #Python #RStats #TensorFlow #JavaScript #ReactJS #CloudComputing #Serverless #DataScientist #Linux #Programming #Coding #100DaysofCode #NodeJS #golang https://t.co/lvtFWCVjn7,en,1541927328724533254
54,268619848,2022-06-28T23:28:42.000Z,Most useful #Linux Networking Commands #MachineLearning #DataScience #SQL #Cybersecurity #BigData #Analytics #AI #IIoT #Python #RStats #TensorFlow #JavaScript #ReactJS #CloudComputing #Serverless #DataScientist #Programming #Coding #100DaysofCode #NodeJS #golang #NLP #GitHub #IoT https://t.co/ya5NAWRW6M,en,1541926594029166594
55,1476542906597101574,2022-06-28T23:27:36.000Z,"We do 
Essays
Math
Finance
Accounting
BIOLOGY
Physiology

#BigData #Analytics #DataScience #AI #MachineLearning #IoT #IIoT  #Python  #TensorFlow  #JavaScript #ReactJS #CloudComputing #Serverless #DataScientist #Linux #Programming #Coding #100DaysofCode‚Ä¶..",en,1541926316886429697
56,346527059,2022-06-28T23:27:00.000Z,"https://t.co/QzmNZ3vIgW #techtwitter @twitter #twitme #python #developer #programmer #coding #code #computerscience #softwareengineering
#SoftwareEngineer #webdeveloper #TwitterSpace #twitterallhands  #developers #Twitter #programming #WP #python #php #coding #code #100daysofcode",qme,1541926165971091456
57,1413614842104012801,2022-06-28T23:26:37.000Z,"#include&lt;#news
{
printf{#AI #PatriotsUnite #trending #BigData #bot}

}
#JS #forex #javascript #bot #AI  #CodeNewbie #women #flutter #OpenSource #NFTs #python #Web3 #cybersecurity #cod #100DaysOfCode #feelspecial #WomenWhoCode #Blockchain #Robotic #info #genesisnft #feel #coding https://t.co/clbwbeliAj",en,1541926069816950784
58,1528856711725031425,2022-06-28T23:26:16.000Z,"#pythonprogramming #deeplearning #100daysofcode #python #coding #neuralnetworks #dl #programminglanguages
https://t.co/cF1o2ui5Y4 

Deep Learning with Python, Second Edition",en,1541925982956814336
59,1413614842104012801,2022-06-28T23:25:58.000Z,"#include&lt;#news
{
printf{#AI #PatriotsUnite #trending #BigData #bot}

}
#JS #forex #javascript #bot #AI  #CodeNewbie #women #flutter #OpenSource #NFTs #python #Web3 #cybersecurity #cod #100DaysOfCode #feelspecial #WomenWhoCode #Blockchain #Robotic #info #genesisnft #feel #coding https://t.co/C4VfHA568b",en,1541925908831178752
60,268619848,2022-06-28T23:25:17.000Z,OSI Model Cheat Sheet #MachineLearning #DataScience #SQL #Cybersecurity #BigData #Analytics #AI #IIoT #Python #RStats #TensorFlow #JavaScript #ReactJS #CloudComputing #Serverless #DataScientist #Linux #Programming #Coding #100DaysofCode #NodeJS #golang #NLP #GitHub #IoT #MLOps https://t.co/x31EXsI2Un,fi,1541925733777408003
61,268619848,2022-06-28T23:23:17.000Z,#Python vs Other programming language #MachineLearning #DataScience #SQL #Cybersecurity #BigData #Analytics #AI #IIoT #RStats #TensorFlow #JavaScript #ReactJS #CloudComputing #Serverless #DataScientist #Linux #Programming #Coding #100DaysofCode #NodeJS #golang #NLP #GitHub #IoT https://t.co/95kjClrple,en,1541925230448459776
62,1403337284125171712,2022-06-28T23:21:30.000Z,"I'm legit to offer you A grade in your
‚úìnursing
‚úìessays.
chemistry
‚úìfinance..
‚úìphysics
‚úìbiology.
‚úìphysicd
‚úìchemistry...
‚úìalgebra.
‚úìhomework..
‚úìessay pay.
Assignment due 
#100DaysOfCode
#WomenWhoCode..
#javascript
#Python
Email assignimentwriter@gmail.com",en,1541924784044490753
63,1528856711725031425,2022-06-28T23:20:16.000Z,"Deep Learning with TensorFlow 2 and Keras: Regression, ConvNets, GANs, RNNs, NLP, and more with TensorFlow 2 and the Keras API, 2nd Edition 
 
#python #tf #programming #socialmedia #coding #pythonprogramming #100daysofcode #webservices 
https://t.co/t5MP6EUUns",en,1541924472629895169
64,1269107130776223745,2022-06-28T23:17:52.000Z,"Detecting fraud with artificial intelligence

#artificialintelligence #k√ºnstlicheIntelligenz
¬†#100DaysOfCode #CyberSecurity¬†#Blockchain #DataSecurity¬†#dataScientist #5G #DataAnalytics¬†#Python #IoT #MachineLearning #java¬†#TensorFlow¬†#Cloud #coding https://t.co/YiWoLnbfpJ",en,1541923870730424320
65,718739232999751680,2022-06-28T23:17:43.000Z,Day 9 of #100DaysOfCode with python for ML,en,1541923828888223748
66,134434122,2022-06-28T23:15:41.000Z,"#FEATURED #COURSES
Complete #Python #Developer in 2022: Zero to Mastery
How to become a #Python3 Developer and get hired
Build 12+ projects
learn #Web #Development
#Machine #Learning + more
https://t.co/vRkg9EK8Sw
#CodeNewbies #100DaysOfCode #webdevelopment #WomenWhoCode #online https://t.co/3OOKYMmmGx",en,1541923318906904577
67,1403337284125171712,2022-06-28T23:15:35.000Z,"I'm legit to offer you A grade in your
‚úìnursing
‚úìessays.
chemistry
‚úìfinance.
‚úìphysics
‚úìbiology.
‚úìphysi
‚úìchemistry
‚úìalgebra.
‚úìhomework..
‚úìessay pay.
Assignment due 
#100DaysOfCode....
#WomenWhoCode
#javascript
#Python
Email assignimentwriter@gmail.com",en,1541923292776366080
68,1403337284125171712,2022-06-28T23:13:33.000Z,"I'm  legit to offer you A grade in your
‚úìnursing
‚úìessays
‚úìchemistry
‚úìfinance
‚úìphysics
‚úìbiology.
‚úìphysics.
‚úìchemistry.
‚úìalgebra
‚úìcalculus
‚úìessay pay.
Assignment due .
#100DaysOfCode
#WomenWhoCode.
#javascript
#Python
#Serverless
Email assignimentwriter@gmail.com",en,1541922782610595844
69,1111778779624628224,2022-06-28T23:13:21.000Z,"Bueno hoy he decido aprender Python en 100 dias
Dia 1 he empezado el curso de: Python sin fronteras de @_nasch_ 

#100DaysOfCode #Python https://t.co/VwMat0t7j3",es,1541922732295831553
70,1392511996575223810,2022-06-28T23:12:03.000Z,"Day 29 of my python programming study
Pomodoro GUI...
Not finished with the timer clock tho, will be for the next day

#Python #programming #100DaysOfCode #AI #MachinLearning #DataAnalytics #coding #pythonprogramming #PythonDeveloper https://t.co/v9LFReaxiW",en,1541922406595534854
71,1363039027071434755,2022-06-28T23:11:07.000Z,"For assignment help 
#Assignmentdue
#Essay 
#Python
#Thesis
#python
#CodeNewbie
#OnlineClasses
#Econometrics
#Django
#Coding
#WomenWhoCode 
#100DaysOfCode 
WhatsApp +1 (256) 649-9989
dm @Essay_writers12",en,1541922168115789829
72,1243665419501744133,2022-06-28T23:10:22.000Z,"""Live your life as an exclamation rather than an explanation.""- Isaac Newton #softwareengineer #javascript #python #C++ #golang #nodejs #reactjs #stockopertor #highgrowthstocks $SPX $QQQ $RUT $VIX #canslim #100DaysOfCode",en,1541921979556839424
73,1246751332482064385,2022-06-28T23:09:49.000Z,"Oh! so @Windows finally got to know. This feedback is too obvious. üòÄü§ó

@Microsoft #SoftwareDeveloper #Python #100DaysOfCode #Django #javascript https://t.co/KEF0xOnPbZ",en,1541921841324908545
74,1363039027071434755,2022-06-28T23:09:38.000Z,"Grade A assured in any timed paper
#Essay due today
#Pay write
#javascript
#Online class take
#Philosophy 
#Chemistry
#Biology
#Python
#Nursing
#psychology
#Essayhelp
#Essay
#Essaypay
#100DaysOfCode
#WomenWhoCode
#Java
Mathlab
dm 
@Essay_writers12
 
WhatsApp +1 (256) 649-9989",en,1541921796135550976
75,1363039027071434755,2022-06-28T23:09:27.000Z,"Kindly DM the experts for your:
#Paper pay 
#Case study
python
#homework
Onlineclass
#Essaypay
#100DaysOfCode
#Econometrics
Math
#essaywrite
Essay help
#Case study
#javascript
#WomenWhoCode 
Assignment due
#DEVCommunity 
#NodeJS 
dm 
@Essay_writers12
 
WhatsApp +1 (256) 649-9989",en,1541921749792686080
76,1363039027071434755,2022-06-28T23:09:15.000Z,"Kindly DM the experts for your:
#Paper pay 
#Case study
python
#homework
Onlineclass
#Essaypay
#100DaysOfCode
#Econometrics
Math
#Philosophy
#WomenWhoCode 
Assignment due
#DEVCommunity 
#NodeJS
DM 
@Essay_writers12
 
WhatsApp +1 (256) 649-9989",en,1541921701511970816
77,1363039027071434755,2022-06-28T23:09:06.000Z,"Pay us to do or write your 
#Excel
#Assignments 
#calculus 
#homework
#Paper pay
#Homeworkhelp 
#Onlineclass 
#essayhelp 
#essaypay 
#Essay
#Javascript
#Python
#Programming
#CodeNewbies 
#100DaysOfCode 
dm 
@Essay_Write25

WhatsApp +1 (256) 649-9989",en,1541921662119165952
78,1363039027071434755,2022-06-28T23:09:01.000Z,"We deliver unique work:
DM for value-based services  
 #Case study 
 #100DaysOfCode 
 #python 
 #Math
 #Math 
 #essaywrite
 #Case study 
 #homework
 #Econometrics 
 #Econometrics 
 #Essay help 
 #Paper pay 
dm 
@Essay_Write25

WhatsApp +1 (256) 649-9989",en,1541921641134956550
79,1343372118,2022-06-28T23:04:06.000Z,"We deliver unique work üêø   
 ‚ö°Ô∏è DM for value-based services  
 #python 
 #homework 
 #Econometrics 
 #100DaysOfCode
 #Onlineclass 
 #Essay help
 #python 
 #Math
 #100DaysOfCode 
 #Paper pay 
 #Essay help 
 #Essay help 
 üìö 
 üíç 

 https://t.co/MrEPSqHB5x",en,1541920403974590464
80,1498321275080658953,2022-06-28T23:03:08.000Z,"Detecting fraud with artificial intelligence

#artificialintelligence #k√ºnstlicheIntelligenz
¬†#100DaysOfCode #CyberSecurity¬†#Blockchain #DataSecurity¬†#dataScientist #5G #DataAnalytics¬†#Python #IoT #MachineLearning #java¬†#TensorFlow¬†#Cloud #coding https://t.co/tOY53OcGKw",en,1541920160394665991
81,1500562744919171073,2022-06-28T23:03:01.000Z,"Detecting fraud with artificial intelligence

#artificialintelligence #k√ºnstlicheIntelligenz
¬†#100DaysOfCode #CyberSecurity¬†#Blockchain #DataSecurity¬†#dataScientist #5G #DataAnalytics¬†#Python #IoT #MachineLearning #java¬†#TensorFlow¬†#Cloud #coding https://t.co/68hLMyvLoK",en,1541920133421187075
82,1536114276234149888,2022-06-28T23:02:55.000Z,"Day 12: Finished up files and exception and started Testing Your Code .
Today i finished up exception and did a shit load of exercises and started Testing your code .
really excited to almost be done with Python basics .. cant wait to start building Projects üòÑüòÑüòÖ
#100daysofcode https://t.co/0N2iSUIlS4",en,1541920105763840001
83,1498321275080658953,2022-06-28T23:02:51.000Z,"How AI Analyzes facial expressions?

#artificialintelligence #k√ºnstlicheIntelligenz
¬†#100DaysOfCode #CyberSecurity¬†#Blockchain #DataSecurity¬†#dataScientist #5G #DataAnalytics¬†#Python #IoT #MachineLearning #java¬†#TensorFlow¬†#Cloud #coding https://t.co/On2YOnO5Ha",en,1541920089666109440
84,1500562744919171073,2022-06-28T23:02:45.000Z,"How AI Analyzes facial expressions?

#artificialintelligence #k√ºnstlicheIntelligenz
¬†#100DaysOfCode #CyberSecurity¬†#Blockchain #DataSecurity¬†#dataScientist #5G #DataAnalytics¬†#Python #IoT #MachineLearning #java¬†#TensorFlow¬†#Cloud #coding https://t.co/cZ2dPG4ZjX",en,1541920065054019586
85,1498321275080658953,2022-06-28T23:02:33.000Z,"Cybersecurity Concepts, Types, and Jobs

#artificialintelligence #k√ºnstlicheIntelligenz
¬†#100DaysOfCode #CyberSecurity¬†#Blockchain #DataSecurity¬†#dataScientist #5G #DataAnalytics¬†#Python #IoT #MachineLearning #java¬†#TensorFlow¬†#Cloud #coding https://t.co/Zab6MzyPg4",en,1541920012683837443
86,1500562744919171073,2022-06-28T23:02:27.000Z,"Cybersecurity Concepts, Types, and Jobs

#artificialintelligence #k√ºnstlicheIntelligenz
¬†#100DaysOfCode #CyberSecurity¬†#Blockchain #DataSecurity¬†#dataScientist #5G #DataAnalytics¬†#Python #IoT #MachineLearning #java¬†#TensorFlow¬†#Cloud #coding https://t.co/Qgogiw3PAK",en,1541919987752996864
87,1498321275080658953,2022-06-28T23:02:17.000Z,"Definition and countermeasures for 'start and end of web security' SQL injection

#artificialintelligence #k√ºnstlicheIntelligenz
¬†#100DaysOfCode #CyberSecurity¬†#Blockchain #DataSecurity¬†#dataScientist #5G #DataAnalytics¬†#Python #Io‚Ä¶https://t.co/uVRGBY1mCg https://t.co/vyvy5Q3Lvq",en,1541919946690682880
88,1500562744919171073,2022-06-28T23:02:09.000Z,"Definition and countermeasures for 'start and end of web security' SQL injection

#artificialintelligence #k√ºnstlicheIntelligenz
¬†#100DaysOfCode #CyberSecurity¬†#Blockchain #DataSecurity¬†#dataScientist #5G #DataAnalytics¬†#Python #Io‚Ä¶https://t.co/Ji4q1Pya0w https://t.co/wbOfZbV5or",en,1541919912578482178
89,1498321275080658953,2022-06-28T23:02:00.000Z,"How to Protect Yourself from Ransomware and Online Scams?

#artificialintelligence #k√ºnstlicheIntelligenz
¬†#100DaysOfCode #CyberSecurity¬†#Blockchain #DataSecurity¬†#dataScientist #5G #DataAnalytics¬†#Python #IoT #MachineLearning #j‚Ä¶https://t.co/cmQhZ1kLLc https://t.co/C1wIfJ8dkc",en,1541919876545118213
90,1500562744919171073,2022-06-28T23:01:54.000Z,"How to Protect Yourself from Ransomware and Online Scams?

#artificialintelligence #k√ºnstlicheIntelligenz
¬†#100DaysOfCode #CyberSecurity¬†#Blockchain #DataSecurity¬†#dataScientist #5G #DataAnalytics¬†#Python #IoT #MachineLearning #j‚Ä¶https://t.co/B0g0gzwiGM https://t.co/y7rAQEhQSZ",en,1541919851765170183
91,1498321275080658953,2022-06-28T23:01:45.000Z,"The meaning and prevention of 'credential stuffing'

#artificialintelligence #k√ºnstlicheIntelligenz
¬†#100DaysOfCode #CyberSecurity¬†#Blockchain #DataSecurity¬†#dataScientist #5G #DataAnalytics¬†#Python #IoT #MachineLearning #java¬†#TensorFlow¬†#Cloud #coding https://t.co/OfeGUWOSN6",en,1541919812720508929
92,1500562744919171073,2022-06-28T23:01:39.000Z,"The meaning and prevention of 'credential stuffing'

#artificialintelligence #k√ºnstlicheIntelligenz
¬†#100DaysOfCode #CyberSecurity¬†#Blockchain #DataSecurity¬†#dataScientist #5G #DataAnalytics¬†#Python #IoT #MachineLearning #java¬†#TensorFlow¬†#Cloud #coding https://t.co/4epQDJDKr7",en,1541919788540346368
93,1498321275080658953,2022-06-28T23:01:29.000Z,"‚ÄúThe Evolution Continues‚Äù All About DDoS Attacks

#artificialintelligence #k√ºnstlicheIntelligenz
¬†#100DaysOfCode #CyberSecurity¬†#Blockchain #DataSecurity¬†#dataScientist #5G #DataAnalytics¬†#Python #IoT #MachineLearning #java¬†#TensorFlow¬†#Cloud #coding https://t.co/0Xig86bnx8",en,1541919745427005442
94,1500562744919171073,2022-06-28T23:01:23.000Z,"‚ÄúThe Evolution Continues‚Äù All About DDoS Attacks

#artificialintelligence #k√ºnstlicheIntelligenz
¬†#100DaysOfCode #CyberSecurity¬†#Blockchain #DataSecurity¬†#dataScientist #5G #DataAnalytics¬†#Python #IoT #MachineLearning #java¬†#TensorFlow¬†#Cloud #coding https://t.co/mzE23qp7cG",en,1541919718788972545
95,1498321275080658953,2022-06-28T23:01:12.000Z,"""Komatsu's smart factory"" aiming for 5G based on the lessons of ""full automation""

#artificialintelligence #k√ºnstlicheIntelligenz
¬†#100DaysOfCode #CyberSecurity¬†#Blockchain #DataSecurity¬†#dataScientist #5G #DataAnalytics¬†#Python #I‚Ä¶https://t.co/oKizuvNGbO https://t.co/2osn8P6AG0",en,1541919674409025540
96,1500562744919171073,2022-06-28T23:01:06.000Z,"""Komatsu's smart factory"" aiming for 5G based on the lessons of ""full automation""

#artificialintelligence #k√ºnstlicheIntelligenz
¬†#100DaysOfCode #CyberSecurity¬†#Blockchain #DataSecurity¬†#dataScientist #5G #DataAnalytics¬†#Python #I‚Ä¶https://t.co/q47B4sNpRA https://t.co/eCEsyXSJjH",en,1541919648215613443
97,1528856711725031425,2022-06-28T23:00:55.000Z,"https://t.co/8oALcKzJt6 
#python3 #python #coding #graphics #100daysofcode #visualization #neuralnetworks #programming
 
Deep Learning for Coders with Fastai and PyTorch: AI Applications Without a PhD",en,1541919603185573891
98,1500562744919171073,2022-06-28T23:00:47.000Z,"What is a CDN?

#artificialintelligence #k√ºnstlicheIntelligenz
¬†#100DaysOfCode #CyberSecurity¬†#Blockchain #DataSecurity¬†#dataScientist #5G #DataAnalytics¬†#Python #IoT #MachineLearning #java¬†#TensorFlow¬†#Cloud #coding https://t.co/r1V2BBprOl",en,1541919567819276293
99,1498321275080658953,2022-06-28T23:00:39.000Z,"What is a CDN?

#artificialintelligence #k√ºnstlicheIntelligenz
¬†#100DaysOfCode #CyberSecurity¬†#Blockchain #DataSecurity¬†#dataScientist #5G #DataAnalytics¬†#Python #IoT #MachineLearning #java¬†#TensorFlow¬†#Cloud #coding https://t.co/08TjI5Ed6N",en,1541919534298300417
